Region,Municipality,Barangay,Microenterprise Development,Employment Facilitation,Total
National Capital Region (NCR),Quezon City,Tatalon,302,0,300
National Capital Region (NCR),Quezon City,Payatas,354,0,299
National Capital Region (NCR),Quezon City,Commonwealth,273,0,264
National Capital Region (NCR),Quezon City,Escopa III,245,0,238
National Capital Region (NCR),Quezon City,Bagong Silangan,478,0,191
National Capital Region (NCR),Quezon City,Tandang Sora,188,0,188
National Capital Region (NCR),Quezon City,Bagbag,180,0,180
National Capital Region (NCR),Quezon City,Culiat,140,0,139
National Capital Region (NCR),Quezon City,Holy Spirit,153,0,137
National Capital Region (NCR),Quezon City,Sauyo,121,0,121
National Capital Region (NCR),Quezon City,Matandang Balara,120,0,120
National Capital Region (NCR),Quezon City,Balingasa,112,0,112
National Capital Region (NCR),Quezon City,Batasan Hills,114,0,104
National Capital Region (NCR),Quezon City,Gulod,156,0,104
National Capital Region (NCR),Quezon City,Baesa,103,0,102
National Capital Region (NCR),Quezon City,Capri,96,0,96
National Capital Region (NCR),Quezon City,Pinyahan,95,0,94
National Capital Region (NCR),Quezon City,Damayang Lagi,76,0,76
National Capital Region (NCR),Quezon City,Novaliches Proper,74,0,74
National Capital Region (NCR),Quezon City,Bagong Pag-asa,88,0,67
National Capital Region (NCR),Quezon City,Fairview,64,0,64
National Capital Region (NCR),Quezon City,Santa Teresita,46,0,46
National Capital Region (NCR),Quezon City,Santo Domingo,45,0,45
National Capital Region (NCR),Quezon City,Santa Monica,44,0,44
National Capital Region (NCR),Quezon City,Central,44,0,44
National Capital Region (NCR),Quezon City,Pasong Tamo,43,0,43
National Capital Region (NCR),Quezon City,San Roque,44,0,42
National Capital Region (NCR),Quezon City,Manresa,42,0,41
National Capital Region (NCR),Quezon City,San Agustin,62,0,40
National Capital Region (NCR),Quezon City,E. Rodriguez,39,0,39
National Capital Region (NCR),Quezon City,Sikatuna Village,39,0,39
National Capital Region (NCR),Quezon City,Kaligayahan,39,0,38
National Capital Region (NCR),Quezon City,San Bartolome,38,0,38
National Capital Region (NCR),Quezon City,San Antonio,39,0,38
National Capital Region (NCR),Quezon City,Del Monte,33,0,33
National Capital Region (NCR),Quezon City,Bahay Toro,41,0,33
National Capital Region (NCR),Quezon City,Nagkaisang Nayon,34,0,32
National Capital Region (NCR),Quezon City,Botocan,30,0,30
National Capital Region (NCR),Quezon City,Santa Cruz,28,0,28
National Capital Region (NCR),Quezon City,Bagumbayan,41,0,27
National Capital Region (NCR),Quezon City,East Kamias,23,0,23
National Capital Region (NCR),Quezon City,Paltok,23,0,23
National Capital Region (NCR),Quezon City,Vasra,24,0,21
National Capital Region (NCR),Quezon City,U.P. Campus,21,0,21
National Capital Region (NCR),Quezon City,Santa Lucia,25,0,21
National Capital Region (NCR),Quezon City,Paraiso,21,0,21
National Capital Region (NCR),Quezon City,Damayan,22,0,20
National Capital Region (NCR),Quezon City,Santo Cristo,21,0,19
National Capital Region (NCR),Quezon City,Claro,17,0,17
National Capital Region (NCR),Quezon City,Krus Na Ligas,17,0,17
National Capital Region (NCR),Quezon City,North Fairview,17,0,15
National Capital Region (NCR),Quezon City,Talipapa,15,0,15
National Capital Region (NCR),Quezon City,South Triangle,15,0,15
National Capital Region (NCR),Quezon City,Sangandaan,15,0,15
National Capital Region (NCR),Quezon City,Apolonio Samson,15,0,15
National Capital Region (NCR),Quezon City,Greater Lagro,15,0,15
National Capital Region (NCR),Quezon City,San Jose,15,0,14
National Capital Region (NCR),Quezon City,Bungad,14,0,14
National Capital Region (NCR),Quezon City,Talayan,14,0,14
National Capital Region (NCR),Quezon City,Roxas,12,0,12
National Capital Region (NCR),Quezon City,Veterans Village,11,0,11
National Capital Region (NCR),Quezon City,San Isidro Labrador,11,0,11
National Capital Region (NCR),Quezon City,N.S. Amoranto,10,0,10
National Capital Region (NCR),Quezon City,Pasong Putik Proper,10,0,10
National Capital Region (NCR),Quezon City,Pag-ibig Sa Nayon,9,0,9
National Capital Region (NCR),Quezon City,Tagumpay,9,0,9
National Capital Region (NCR),Quezon City,Alicia,9,0,9
National Capital Region (NCR),Quezon City,Nayong Kanluran,9,0,9
National Capital Region (NCR),Quezon City,Paang Bundok,10,0,9
National Capital Region (NCR),Quezon City,Masambong,10,0,9
National Capital Region (NCR),Quezon City,San Vicente,9,0,9
National Capital Region (NCR),Quezon City,Katipunan,9,0,9
National Capital Region (NCR),Quezon City,Ramon Magsaysay,11,0,9
National Capital Region (NCR),Quezon City,Obrero,11,0,8
National Capital Region (NCR),Quezon City,Bagumbuhay,8,0,8
National Capital Region (NCR),Quezon City,Project 6,8,0,8
National Capital Region (NCR),Quezon City,Pansol,19,0,7
National Capital Region (NCR),Quezon City,Quirino 2-B,7,0,7
National Capital Region (NCR),Quezon City,Dioquino Zobel,8,0,7
National Capital Region (NCR),Quezon City,Maharlika,8,0,7
National Capital Region (NCR),Quezon City,Old Capitol Site,7,0,7
National Capital Region (NCR),Quezon City,San Martin De Porres,6,0,6
National Capital Region (NCR),Quezon City,Amihan,6,0,6
National Capital Region (NCR),Quezon City,PASONG PUTIK PROPER (PASONG PUTIK),6,0,6
National Capital Region (NCR),Quezon City,Balong Bato,7,0,6
National Capital Region (NCR),Quezon City,Mariblo,6,0,6
National Capital Region (NCR),Quezon City,Quirino 2-A,6,0,6
National Capital Region (NCR),Quezon City,Salvacion,6,0,6
National Capital Region (NCR),Quezon City,Socorro,5,0,5
National Capital Region (NCR),Quezon City,Doña Imelda,5,0,5
National Capital Region (NCR),Quezon City,Masagana,5,0,5
National Capital Region (NCR),Quezon City,Marilag,5,0,5
National Capital Region (NCR),Quezon City,Santol,5,0,5
National Capital Region (NCR),Quezon City,Unang Sigaw,4,0,4
National Capital Region (NCR),Quezon City,Paligsahan,5,0,4
National Capital Region (NCR),Quezon City,Loyola Heights,4,0,4
National Capital Region (NCR),Quezon City,Phil-Am,4,0,4
National Capital Region (NCR),Quezon City,Saint Peter,5,0,4
National Capital Region (NCR),Quezon City,Quirino 2-C,4,0,4
National Capital Region (NCR),Quezon City,Duyan-duyan,4,0,4
National Capital Region (NCR),Quezon City,Kamuning,5,0,4
National Capital Region (NCR),Quezon City,Kaunlaran,4,0,4
National Capital Region (NCR),Quezon City,Sienna,3,0,3
National Capital Region (NCR),Quezon City,Lourdes,3,0,3
National Capital Region (NCR),Quezon City,West Triangle,3,0,3
National Capital Region (NCR),Quezon City,Libis,3,0,3
National Capital Region (NCR),Quezon City,Pinagkaisahan,4,0,3
National Capital Region (NCR),Quezon City,Escopa I,4,0,3
National Capital Region (NCR),Quezon City,Escopa II,3,0,3
National Capital Region (NCR),Quezon City,Horseshoe,2,0,2
National Capital Region (NCR),Quezon City,Quirino 3-A,2,0,2
National Capital Region (NCR),Quezon City,Villa Maria Clara,3,0,2
National Capital Region (NCR),Quezon City,West Kamias,2,0,2
National Capital Region (NCR),Quezon City,Santo Niño,2,0,2
National Capital Region (NCR),Quezon City,Camp Aguinaldo,2,0,2
National Capital Region (NCR),Quezon City,Malaya,2,0,2
National Capital Region (NCR),Quezon City,Bayanihan,2,0,2
National Capital Region (NCR),Quezon City,Milagrosa,2,0,2
National Capital Region (NCR),Quezon City,Silangan,2,0,2
National Capital Region (NCR),Quezon City,Mangga,2,0,2
National Capital Region (NCR),Quezon City,Sacred Heart,2,0,1
National Capital Region (NCR),Quezon City,Immaculate Concepcion,1,0,1
National Capital Region (NCR),Quezon City,Escopa IV,1,0,1
National Capital Region (NCR),Quezon City,Doña Josefa,1,0,1
National Capital Region (NCR),Quezon City,Kristong Hari,1,0,1
National Capital Region (NCR),Quezon City,U.P. Village,1,0,1
National Capital Region (NCR),Quezon City,Blue Ridge B,1,0,1
National Capital Region (NCR),Quezon City,Blue Ridge A,1,0,1
National Capital Region (NCR),Quezon City,Valencia,1,0,1
National Capital Region (NCR),Quezon City,Kalusugan,1,0,1
National Capital Region (NCR),City of Parañaque,San Antonio,402,0,380
National Capital Region (NCR),City of Parañaque,Moonwalk,286,0,285
National Capital Region (NCR),City of Parañaque,Don Bosco,342,0,239
National Capital Region (NCR),City of Parañaque,Marcelo Green Village,209,0,207
National Capital Region (NCR),City of Parañaque,Sun Valley,170,0,169
National Capital Region (NCR),City of Parañaque,B. F. Homes,142,0,141
National Capital Region (NCR),City of Parañaque,San Martin De Porres,139,0,138
National Capital Region (NCR),City of Parañaque,San Isidro,157,0,123
National Capital Region (NCR),City of Parañaque,Merville,109,0,108
National Capital Region (NCR),City of Parañaque,Santo Niño,75,0,75
National Capital Region (NCR),City of Parañaque,Baclaran,102,0,63
National Capital Region (NCR),City of Parañaque,La Huerta,61,0,61
National Capital Region (NCR),City of Parañaque,San Dionisio,62,0,60
National Capital Region (NCR),City of Parañaque,Tambo,34,0,33
National Capital Region (NCR),City of Parañaque,Don Galo,27,0,27
National Capital Region (NCR),City of Caloocan,Barangay 176,1016,0,511
National Capital Region (NCR),City of Caloocan,Barangay 177,191,0,157
National Capital Region (NCR),City of Caloocan,Barangay 13,116,0,116
National Capital Region (NCR),City of Caloocan,Barangay 18,84,0,84
National Capital Region (NCR),City of Caloocan,Barangay 179,52,0,52
National Capital Region (NCR),City of Caloocan,Barangay 28,49,0,49
National Capital Region (NCR),City of Caloocan,Barangay 125,41,0,41
National Capital Region (NCR),City of Caloocan,Barangay 34,40,0,40
National Capital Region (NCR),City of Caloocan,Barangay 8,37,0,37
National Capital Region (NCR),City of Caloocan,Barangay 20,36,1,36
National Capital Region (NCR),City of Caloocan,Barangay 56,35,0,35
National Capital Region (NCR),City of Caloocan,Barangay 73,32,0,32
National Capital Region (NCR),City of Caloocan,Barangay 175,96,0,31
National Capital Region (NCR),City of Caloocan,Barangay 180,30,0,30
National Capital Region (NCR),City of Caloocan,Barangay 178,31,0,30
National Capital Region (NCR),City of Caloocan,Barangay 14,27,0,27
National Capital Region (NCR),City of Caloocan,Barangay 185,26,0,26
National Capital Region (NCR),City of Caloocan,Barangay 183,25,0,25
National Capital Region (NCR),City of Caloocan,Barangay 30,21,0,21
National Capital Region (NCR),City of Caloocan,Barangay 114,18,0,18
National Capital Region (NCR),City of Caloocan,Barangay 49,16,0,16
National Capital Region (NCR),City of Caloocan,Barangay 9,16,0,16
National Capital Region (NCR),City of Caloocan,Barangay 165,16,0,16
National Capital Region (NCR),City of Caloocan,Barangay 173,17,0,16
National Capital Region (NCR),City of Caloocan,Barangay 52,15,0,15
National Capital Region (NCR),City of Caloocan,Barangay 162,16,0,15
National Capital Region (NCR),City of Caloocan,Barangay 12,16,0,14
National Capital Region (NCR),City of Caloocan,Barangay 31,14,0,14
National Capital Region (NCR),City of Caloocan,Barangay 10,14,0,14
National Capital Region (NCR),City of Caloocan,Barangay 168,12,0,12
National Capital Region (NCR),City of Caloocan,Barangay 164,13,0,12
National Capital Region (NCR),City of Caloocan,Barangay 88,11,0,11
National Capital Region (NCR),City of Caloocan,Barangay 105,10,0,10
National Capital Region (NCR),City of Caloocan,Barangay 54,9,0,9
National Capital Region (NCR),City of Caloocan,Barangay 171,11,0,8
National Capital Region (NCR),City of Caloocan,Barangay 86,8,0,8
National Capital Region (NCR),City of Caloocan,Barangay 16,8,0,8
National Capital Region (NCR),City of Caloocan,Barangay 150,8,0,8
National Capital Region (NCR),City of Caloocan,Barangay 123,7,0,7
National Capital Region (NCR),City of Caloocan,Barangay 35,7,0,7
National Capital Region (NCR),City of Caloocan,Barangay 174,6,0,6
National Capital Region (NCR),City of Caloocan,Barangay 188,53,0,6
National Capital Region (NCR),City of Caloocan,Barangay 26,6,0,6
National Capital Region (NCR),City of Caloocan,Barangay 160,7,0,6
National Capital Region (NCR),City of Caloocan,Barangay 181,6,0,6
National Capital Region (NCR),City of Caloocan,Barangay 154,7,0,6
National Capital Region (NCR),City of Caloocan,Barangay 186,6,0,6
National Capital Region (NCR),City of Caloocan,Barangay 63,5,0,5
National Capital Region (NCR),City of Caloocan,Barangay 155,5,1,6
National Capital Region (NCR),City of Caloocan,Barangay 120,4,0,4
National Capital Region (NCR),City of Caloocan,Barangay 187,4,0,4
National Capital Region (NCR),City of Caloocan,Barangay 146,3,0,3
National Capital Region (NCR),City of Caloocan,Barangay 161,4,2,5
National Capital Region (NCR),City of Caloocan,Barangay 22,3,0,3
National Capital Region (NCR),City of Caloocan,Barangay 153,3,1,4
National Capital Region (NCR),City of Caloocan,Barangay 62,3,0,3
National Capital Region (NCR),City of Caloocan,Barangay 108,3,0,3
National Capital Region (NCR),City of Caloocan,Barangay 127,3,0,3
National Capital Region (NCR),City of Caloocan,Barangay 19,3,0,3
National Capital Region (NCR),City of Caloocan,Barangay 101,3,3,6
National Capital Region (NCR),City of Caloocan,Barangay 151,2,0,2
National Capital Region (NCR),City of Caloocan,Barangay 167,2,0,2
National Capital Region (NCR),City of Caloocan,Barangay 64,2,0,2
National Capital Region (NCR),City of Caloocan,Barangay 156,3,0,2
National Capital Region (NCR),City of Caloocan,Barangay 57,2,0,2
National Capital Region (NCR),City of Caloocan,Barangay 23,2,0,2
National Capital Region (NCR),City of Caloocan,Barangay 152,2,0,2
National Capital Region (NCR),City of Caloocan,Barangay 159,2,0,2
National Capital Region (NCR),City of Caloocan,Barangay 69,2,0,2
National Capital Region (NCR),City of Caloocan,Barangay 32,2,0,2
National Capital Region (NCR),City of Caloocan,Barangay 17,2,0,2
National Capital Region (NCR),City of Caloocan,Barangay 43,2,0,2
National Capital Region (NCR),City of Caloocan,Barangay 139,2,0,1
National Capital Region (NCR),City of Caloocan,Barangay 182,1,0,1
National Capital Region (NCR),City of Caloocan,Barangay 145,1,0,1
National Capital Region (NCR),City of Caloocan,Barangay 118,1,0,1
National Capital Region (NCR),City of Caloocan,Barangay 81,2,0,1
National Capital Region (NCR),City of Caloocan,Barangay 148,1,0,1
National Capital Region (NCR),City of Caloocan,Barangay 116,1,0,1
National Capital Region (NCR),City of Caloocan,Barangay 128,1,0,1
National Capital Region (NCR),City of Caloocan,Barangay 7,1,0,1
National Capital Region (NCR),City of Caloocan,Barangay 102,1,0,1
National Capital Region (NCR),City of Caloocan,Barangay 75,1,0,1
National Capital Region (NCR),City of Caloocan,Barangay 119,1,0,1
National Capital Region (NCR),City of Caloocan,Barangay 24,2,0,1
National Capital Region (NCR),City of Caloocan,Barangay 143,3,0,1
National Capital Region (NCR),City of Caloocan,Barangay 2,1,0,1
National Capital Region (NCR),City of Caloocan,Barangay 42,1,0,1
National Capital Region (NCR),City of Caloocan,Barangay 21,1,0,1
National Capital Region (NCR),City of Caloocan,Barangay 100,1,0,1
National Capital Region (NCR),City of Caloocan,Barangay 104,1,0,1
National Capital Region (NCR),City of Caloocan,Barangay 126,1,0,1
National Capital Region (NCR),City of Caloocan,Barangay 70,1,0,1
National Capital Region (NCR),City of Caloocan,Barangay 91,1,0,1
National Capital Region (NCR),City of Caloocan,Barangay 74,1,0,1
National Capital Region (NCR),City of Caloocan,Barangay 94,1,0,1
National Capital Region (NCR),City of Caloocan,Barangay 122,2,0,1
National Capital Region (NCR),City of Caloocan,Barangay 97,1,0,1
National Capital Region (NCR),City of Caloocan,Barangay 82,1,0,1
National Capital Region (NCR),City of Caloocan,Barangay 133,3,0,1
National Capital Region (NCR),City of Caloocan,Barangay 157,2,0,1
National Capital Region (NCR),City of Caloocan,Barangay 55,1,0,1
National Capital Region (NCR),City of Caloocan,Barangay 90,1,0,1
National Capital Region (NCR),City of Caloocan,Barangay 46,1,0,1
National Capital Region (NCR),City of Caloocan,Barangay 93,1,0,1
National Capital Region (NCR),City of Caloocan,Barangay 112,1,0,1
National Capital Region (NCR),City of Caloocan,Barangay 95,3,0,1
National Capital Region (NCR),City of Caloocan,Barangay 50,1,0,1
National Capital Region (NCR),City of Caloocan,Barangay 172,1,0,1
National Capital Region (NCR),City of Caloocan,Barangay 130,1,1,2
National Capital Region (NCR),"TONDO, MANILA",Barangay 91,332,0,332
National Capital Region (NCR),"TONDO, MANILA",Barangay 20,271,1,233
National Capital Region (NCR),"TONDO, MANILA",Barangay 123,115,4,119
National Capital Region (NCR),"TONDO, MANILA",BARANGAY 147,87,0,87
National Capital Region (NCR),"TONDO, MANILA",Barangay 215,41,1,42
National Capital Region (NCR),"TONDO, MANILA",Barangay 199,36,0,36
National Capital Region (NCR),"TONDO, MANILA",Barangay 177,32,0,32
National Capital Region (NCR),"TONDO, MANILA",Barangay 194,31,1,32
National Capital Region (NCR),"TONDO, MANILA",Barangay 158,27,0,27
National Capital Region (NCR),"TONDO, MANILA",Barangay 212,27,0,27
National Capital Region (NCR),"TONDO, MANILA",Barangay 232,26,0,26
National Capital Region (NCR),"TONDO, MANILA",BARANGAY 145,26,0,
National Capital Region (NCR),"TONDO, MANILA",Barangay 182,25,2,27
National Capital Region (NCR),"TONDO, MANILA",Barangay 204,21,0,21
National Capital Region (NCR),"TONDO, MANILA",Barangay 181,20,0,20
National Capital Region (NCR),"TONDO, MANILA",Barangay 84,18,0,18
National Capital Region (NCR),"TONDO, MANILA",Barangay 105,188,0,17
National Capital Region (NCR),"TONDO, MANILA",Barangay 231,17,0,17
National Capital Region (NCR),"TONDO, MANILA",Barangay 221,16,0,16
National Capital Region (NCR),"TONDO, MANILA",Barangay 200,15,0,15
National Capital Region (NCR),"TONDO, MANILA",Barangay 180,14,0,14
National Capital Region (NCR),"TONDO, MANILA",Barangay 33,15,0,14
National Capital Region (NCR),"TONDO, MANILA",Barangay 163,14,0,14
National Capital Region (NCR),"TONDO, MANILA",Barangay 208,14,0,14
National Capital Region (NCR),"TONDO, MANILA",Barangay 184,13,0,13
National Capital Region (NCR),"TONDO, MANILA",Barangay 233,13,0,13
National Capital Region (NCR),"TONDO, MANILA",Barangay 227,13,0,13
National Capital Region (NCR),"TONDO, MANILA",Barangay 157,12,0,12
National Capital Region (NCR),"TONDO, MANILA",Barangay 254,12,0,12
National Capital Region (NCR),"TONDO, MANILA",Barangay 160,12,0,12
National Capital Region (NCR),"TONDO, MANILA",Barangay 213,12,0,12
National Capital Region (NCR),"TONDO, MANILA",Barangay 218,11,0,11
National Capital Region (NCR),"TONDO, MANILA",Barangay 128,11,0,11
National Capital Region (NCR),"TONDO, MANILA",Barangay 228,11,0,11
National Capital Region (NCR),"TONDO, MANILA",Barangay 211,10,0,10
National Capital Region (NCR),"TONDO, MANILA",Barangay 159,10,0,10
National Capital Region (NCR),"TONDO, MANILA",Barangay 183,10,0,10
National Capital Region (NCR),"TONDO, MANILA",Barangay 206,9,0,9
National Capital Region (NCR),"TONDO, MANILA",Barangay 225,9,0,9
National Capital Region (NCR),"TONDO, MANILA",Barangay 185,8,0,8
National Capital Region (NCR),"TONDO, MANILA",Barangay 108,8,0,8
National Capital Region (NCR),"TONDO, MANILA",Barangay 198,8,0,8
National Capital Region (NCR),"TONDO, MANILA",Barangay 192,7,0,7
National Capital Region (NCR),"TONDO, MANILA",Barangay 82,7,0,7
National Capital Region (NCR),"TONDO, MANILA",Barangay 65,7,0,7
National Capital Region (NCR),"TONDO, MANILA",Barangay 239,7,0,7
National Capital Region (NCR),"TONDO, MANILA",Barangay 121,7,0,7
National Capital Region (NCR),"TONDO, MANILA",Barangay 117,7,0,7
National Capital Region (NCR),"TONDO, MANILA",Barangay 118,7,0,7
National Capital Region (NCR),"TONDO, MANILA",Barangay 210,7,0,7
National Capital Region (NCR),"TONDO, MANILA",Barangay 41,8,0,6
National Capital Region (NCR),"TONDO, MANILA",Barangay 55,6,0,6
National Capital Region (NCR),"TONDO, MANILA",Barangay 217,6,0,6
National Capital Region (NCR),"TONDO, MANILA",Barangay 179,5,0,5
National Capital Region (NCR),"TONDO, MANILA",Barangay 195,5,0,5
National Capital Region (NCR),"TONDO, MANILA",Barangay 48,5,0,5
National Capital Region (NCR),"TONDO, MANILA",Barangay 81,5,0,5
National Capital Region (NCR),"TONDO, MANILA",Barangay 144,5,0,5
National Capital Region (NCR),"TONDO, MANILA",Barangay 119,5,0,5
National Capital Region (NCR),"TONDO, MANILA",Barangay 164,5,0,5
National Capital Region (NCR),"TONDO, MANILA",Barangay 216,4,0,4
National Capital Region (NCR),"TONDO, MANILA",Barangay 73,4,0,4
National Capital Region (NCR),"TONDO, MANILA",Barangay 230,4,0,4
National Capital Region (NCR),"TONDO, MANILA",Barangay 14,4,0,4
National Capital Region (NCR),"TONDO, MANILA",Barangay 155,4,0,4
National Capital Region (NCR),"TONDO, MANILA",Barangay 112,4,0,4
National Capital Region (NCR),"TONDO, MANILA",Barangay 226,4,0,4
National Capital Region (NCR),"TONDO, MANILA",Barangay 205,4,0,4
National Capital Region (NCR),"TONDO, MANILA",Barangay 234,4,0,4
National Capital Region (NCR),"TONDO, MANILA",Barangay 150,4,0,4
National Capital Region (NCR),"TONDO, MANILA",Barangay 79,4,0,4
National Capital Region (NCR),"TONDO, MANILA",Barangay 153,4,0,4
National Capital Region (NCR),"TONDO, MANILA",Barangay 107,4,0,4
National Capital Region (NCR),"TONDO, MANILA",Barangay 168,3,0,3
National Capital Region (NCR),"TONDO, MANILA",Barangay 120,4,0,3
National Capital Region (NCR),"TONDO, MANILA",Barangay 76,3,0,3
National Capital Region (NCR),"TONDO, MANILA",Barangay 235,3,0,3
National Capital Region (NCR),"TONDO, MANILA",Barangay 62,3,0,3
National Capital Region (NCR),"TONDO, MANILA",Barangay 175,3,0,3
National Capital Region (NCR),"TONDO, MANILA",Barangay 169,3,0,3
National Capital Region (NCR),"TONDO, MANILA",Barangay 246,3,0,3
National Capital Region (NCR),"TONDO, MANILA",Barangay 154,3,0,3
National Capital Region (NCR),"TONDO, MANILA",Barangay 256,4,0,3
National Capital Region (NCR),"TONDO, MANILA",Barangay 124,3,0,3
National Capital Region (NCR),"TONDO, MANILA",Barangay 12,3,0,3
National Capital Region (NCR),"TONDO, MANILA",Barangay 67,2,0,2
National Capital Region (NCR),"TONDO, MANILA",Barangay 207,2,0,2
National Capital Region (NCR),"TONDO, MANILA",Barangay 197,2,0,2
National Capital Region (NCR),"TONDO, MANILA",Barangay 96,2,0,2
National Capital Region (NCR),"TONDO, MANILA",Barangay 92,2,0,2
National Capital Region (NCR),"TONDO, MANILA",Barangay 151,2,0,2
National Capital Region (NCR),"TONDO, MANILA",Barangay 74,2,0,2
National Capital Region (NCR),"TONDO, MANILA",Barangay 209,2,0,2
National Capital Region (NCR),"TONDO, MANILA",Barangay 229,2,0,2
National Capital Region (NCR),"TONDO, MANILA",Barangay 13,2,0,2
National Capital Region (NCR),"TONDO, MANILA",Barangay 86,2,0,2
National Capital Region (NCR),"TONDO, MANILA",Barangay 245,2,0,2
National Capital Region (NCR),"TONDO, MANILA",Barangay 222,2,0,2
National Capital Region (NCR),"TONDO, MANILA",Barangay 193,2,0,2
National Capital Region (NCR),"TONDO, MANILA",Barangay 191,23,0,2
National Capital Region (NCR),"TONDO, MANILA",Barangay 165,2,0,2
National Capital Region (NCR),"TONDO, MANILA",Barangay 75,2,0,2
National Capital Region (NCR),"TONDO, MANILA",Barangay 201,2,0,2
National Capital Region (NCR),"TONDO, MANILA",Barangay 78,2,0,2
National Capital Region (NCR),"TONDO, MANILA",Barangay 34,2,0,2
National Capital Region (NCR),"TONDO, MANILA",Barangay 11,2,0,2
National Capital Region (NCR),"TONDO, MANILA",Barangay 149,2,0,2
National Capital Region (NCR),"TONDO, MANILA",Barangay 83,2,0,2
National Capital Region (NCR),"TONDO, MANILA",Barangay 58,2,0,2
National Capital Region (NCR),"TONDO, MANILA",Barangay 87,2,0,2
National Capital Region (NCR),"TONDO, MANILA",Barangay 61,2,0,2
National Capital Region (NCR),"TONDO, MANILA",Barangay 104,3,0,2
National Capital Region (NCR),"TONDO, MANILA",Barangay 116,2,0,2
National Capital Region (NCR),"TONDO, MANILA",Barangay 129,2,0,2
National Capital Region (NCR),"TONDO, MANILA",Barangay 220,1,0,1
National Capital Region (NCR),"TONDO, MANILA",BARANGAY 258,1,0,1
National Capital Region (NCR),"TONDO, MANILA",Barangay 98,1,0,1
National Capital Region (NCR),"TONDO, MANILA",Barangay 259,1,0,1
National Capital Region (NCR),"TONDO, MANILA",Barangay 161,1,0,1
National Capital Region (NCR),"TONDO, MANILA",Barangay 260,1,0,1
National Capital Region (NCR),"TONDO, MANILA",Barangay 203,1,0,1
National Capital Region (NCR),"TONDO, MANILA",Barangay 264,1,0,1
National Capital Region (NCR),"TONDO, MANILA",Barangay 224,1,0,1
National Capital Region (NCR),"TONDO, MANILA",Barangay 265,1,0,1
National Capital Region (NCR),"TONDO, MANILA",Barangay 19,1,0,1
National Capital Region (NCR),"TONDO, MANILA",Barangay 29,1,0,1
National Capital Region (NCR),"TONDO, MANILA",Barangay 176,1,0,1
National Capital Region (NCR),"TONDO, MANILA",Barangay 30,1,0,1
National Capital Region (NCR),"TONDO, MANILA",BARANGAY 80,2,0,1
National Capital Region (NCR),"TONDO, MANILA",Barangay 32,1,0,1
National Capital Region (NCR),"TONDO, MANILA",Barangay 171,1,0,1
National Capital Region (NCR),"TONDO, MANILA",Barangay 167,1,0,1
National Capital Region (NCR),"TONDO, MANILA",Barangay 88,1,0,1
National Capital Region (NCR),"TONDO, MANILA",Barangay 101,21,0,1
National Capital Region (NCR),"TONDO, MANILA",Barangay 95,1,0,1
National Capital Region (NCR),"TONDO, MANILA",Barangay 122,1,0,1
National Capital Region (NCR),"TONDO, MANILA",Barangay 178,1,0,1
National Capital Region (NCR),"TONDO, MANILA",Barangay 43,1,0,1
National Capital Region (NCR),"TONDO, MANILA",Barangay 68,1,0,1
National Capital Region (NCR),"TONDO, MANILA",BARANGAY 44,1,0,1
National Capital Region (NCR),"TONDO, MANILA",Barangay 148,1,0,1
National Capital Region (NCR),"TONDO, MANILA",Barangay 46,1,0,1
National Capital Region (NCR),"TONDO, MANILA",Barangay 156,1,0,1
National Capital Region (NCR),"TONDO, MANILA",Barangay 109,1,0,1
National Capital Region (NCR),"TONDO, MANILA",Barangay 244,1,0,1
National Capital Region (NCR),"TONDO, MANILA",BARANGAY 5,1,0,1
National Capital Region (NCR),"TONDO, MANILA",Barangay 186,1,0,1
National Capital Region (NCR),"TONDO, MANILA",Barangay 52,1,0,1
National Capital Region (NCR),"TONDO, MANILA",BARANGAY 247,1,0,1
National Capital Region (NCR),"TONDO, MANILA",Barangay 10,1,0,1
National Capital Region (NCR),"TONDO, MANILA",BARANGAY 85,1,0,1
National Capital Region (NCR),"TONDO, MANILA",Barangay 56,1,0,1
National Capital Region (NCR),"TONDO, MANILA",Barangay 223,1,0,1
National Capital Region (NCR),"TONDO, MANILA",Barangay 152,1,0,1
National Capital Region (NCR),"TONDO, MANILA",Barangay 173,1,0,1
National Capital Region (NCR),"TONDO, MANILA",BARANGAY 60,1,0,1
National Capital Region (NCR),"TONDO, MANILA",Barangay 93,1,0,1
National Capital Region (NCR),"TONDO, MANILA",Barangay 16,1,0,1
National Capital Region (NCR),"TONDO, MANILA",Barangay 257,1,0,1
National Capital Region (NCR),"TONDO, MANILA",BARANGAY 50,3,0,
National Capital Region (NCR),"TONDO, MANILA",BARANGAY 63,3,0,
National Capital Region (NCR),"TONDO, MANILA",BARANGAY 138,2,0,1
National Capital Region (NCR),"TONDO, MANILA",Barangay 64,1,0,1
National Capital Region (NCR),"TONDO, MANILA",Barangay 248,1,0,1
National Capital Region (NCR),City of Marikina,Tumana,575,0,468
National Capital Region (NCR),City of Marikina,Malanday,258,0,241
National Capital Region (NCR),City of Marikina,Concepcion Uno,150,0,148
National Capital Region (NCR),City of Marikina,Fortune,137,0,136
National Capital Region (NCR),City of Marikina,SANTA ELENA (POB.),52,0,
National Capital Region (NCR),City of Marikina,Parang,208,1,111
National Capital Region (NCR),City of Marikina,Industrial Valley,187,0,77
National Capital Region (NCR),City of Marikina,Marikina Heights,140,0,71
National Capital Region (NCR),City of Marikina,Nangka,183,0,65
National Capital Region (NCR),City of Marikina,Santo Niño,146,0,61
National Capital Region (NCR),City of Marikina,Tañong,149,0,54
National Capital Region (NCR),City of Marikina,Barangka,124,0,43
National Capital Region (NCR),City of Marikina,San Roque,174,0,37
National Capital Region (NCR),City of Marikina,Calumpang,159,0,22
National Capital Region (NCR),City of Marikina,Concepcion Dos,22,0,22
National Capital Region (NCR),City of Marikina,Jesus De La Peña,47,0,4
National Capital Region (NCR),City of Malabon,Tonsuya,553,0,411
National Capital Region (NCR),City of Malabon,San Agustin,259,0,258
National Capital Region (NCR),City of Malabon,Potrero,74,0,73
National Capital Region (NCR),City of Malabon,Catmon,92,0,72
National Capital Region (NCR),City of Malabon,Longos,174,0,48
National Capital Region (NCR),City of Malabon,Tañong ,43,0,43
National Capital Region (NCR),City of Malabon,Santolan,30,0,30
National Capital Region (NCR),City of Malabon,Bayan-bayanan,28,0,25
National Capital Region (NCR),City of Malabon,Concepcion,28,0,22
National Capital Region (NCR),City of Malabon,Tugatog,152,0,21
National Capital Region (NCR),City of Malabon,Maysilo,23,0,19
National Capital Region (NCR),City of Malabon,Baritan,18,0,17
National Capital Region (NCR),City of Malabon,Hulong Duhat,20,0,16
National Capital Region (NCR),City of Malabon,Flores,14,0,12
National Capital Region (NCR),City of Malabon,Dampalit,10,0,10
National Capital Region (NCR),City of Malabon,Panghulo,13,0,10
National Capital Region (NCR),City of Malabon,Niugan,11,0,10
National Capital Region (NCR),City of Malabon,Muzon,9,0,8
National Capital Region (NCR),City of Malabon,Tinajeros,8,0,8
National Capital Region (NCR),City of Malabon,Ibaba,8,0,7
National Capital Region (NCR),City of Valenzuela,Malinta,168,0,128
National Capital Region (NCR),City of Valenzuela,Bignay,152,0,126
National Capital Region (NCR),City of Valenzuela,Marulas,99,0,99
National Capital Region (NCR),City of Valenzuela,Gen. T. De Leon,92,0,92
National Capital Region (NCR),City of Valenzuela,Viente Reales,91,0,91
National Capital Region (NCR),City of Valenzuela,Mapulang Lupa,70,0,70
National Capital Region (NCR),City of Valenzuela,Punturin,54,0,54
National Capital Region (NCR),City of Valenzuela,Malanday,47,0,47
National Capital Region (NCR),City of Valenzuela,Dalandanan,46,0,45
National Capital Region (NCR),City of Valenzuela,Lingunan,40,0,40
National Capital Region (NCR),City of Valenzuela,Isla,20,0,20
National Capital Region (NCR),City of Valenzuela,CANUMAY,19,0,19
National Capital Region (NCR),City of Valenzuela,Arkong Bato,17,0,17
National Capital Region (NCR),City of Valenzuela,Pulo,15,0,15
National Capital Region (NCR),City of Valenzuela,Karuhatan,14,0,14
National Capital Region (NCR),City of Valenzuela,Tagalag,12,0,12
National Capital Region (NCR),City of Valenzuela,Coloong,12,0,12
National Capital Region (NCR),City of Valenzuela,Canumay West,10,0,10
National Capital Region (NCR),City of Valenzuela,Paso De Blas,9,0,9
National Capital Region (NCR),City of Valenzuela,HEN. T. DE LEON,8,0,8
National Capital Region (NCR),City of Valenzuela,Palasan,8,0,8
National Capital Region (NCR),City of Valenzuela,Maysan,6,0,6
National Capital Region (NCR),City of Valenzuela,Parada,4,0,4
National Capital Region (NCR),City of Valenzuela,Balangkas,4,0,4
National Capital Region (NCR),City of Valenzuela,Wawang Pulo,3,0,3
National Capital Region (NCR),City of Valenzuela,Ugong,3,0,2
National Capital Region (NCR),City of Valenzuela,Lawang Bato,2,0,2
National Capital Region (NCR),City of Valenzuela,Pasolo,2,0,2
National Capital Region (NCR),City of Valenzuela,Bagbaguin,3,0,2
National Capital Region (NCR),City of Valenzuela,Pariancillo Villa,2,0,2
National Capital Region (NCR),City of Valenzuela,Rincon,1,0,1
National Capital Region (NCR),City of Valenzuela,Poblacion,1,0,1
National Capital Region (NCR),City of Valenzuela,Bisig,1,0,1
National Capital Region (NCR),City of Valenzuela,Canumay East,1,0,1
National Capital Region (NCR),Sampaloc,Barangay 600,126,0,126
National Capital Region (NCR),Sampaloc,Barangay 598,133,0,98
National Capital Region (NCR),Sampaloc,Barangay 602,30,0,30
National Capital Region (NCR),Sampaloc,Barangay 628,128,0,29
National Capital Region (NCR),Sampaloc,Barangay 601,27,0,26
National Capital Region (NCR),Sampaloc,Barangay 469,19,0,19
National Capital Region (NCR),Sampaloc,Barangay 572,17,0,17
National Capital Region (NCR),Sampaloc,Barangay 419,15,0,15
National Capital Region (NCR),Sampaloc,Barangay 458,14,0,14
National Capital Region (NCR),Sampaloc,Barangay 474,14,0,14
National Capital Region (NCR),Sampaloc,Barangay 574,14,0,14
National Capital Region (NCR),Sampaloc,Barangay 485,13,0,13
National Capital Region (NCR),Sampaloc,Barangay 607,16,0,13
National Capital Region (NCR),Sampaloc,Barangay 412,12,0,12
National Capital Region (NCR),Sampaloc,BARANGAY 456,18,0,
National Capital Region (NCR),SAMPALOC,BARANGAY 622,1,0,
National Capital Region (NCR),Sampaloc,Barangay 432,26,0,12
National Capital Region (NCR),Sampaloc,Barangay 569,11,0,11
National Capital Region (NCR),Sampaloc,Barangay 570,11,0,11
National Capital Region (NCR),Sampaloc,Barangay 500,11,0,11
National Capital Region (NCR),Sampaloc,Barangay 420,10,0,10
National Capital Region (NCR),Sampaloc,Barangay 473,10,0,10
National Capital Region (NCR),Sampaloc,Barangay 475,10,0,10
National Capital Region (NCR),Sampaloc,Barangay 599,9,0,9
National Capital Region (NCR),Sampaloc,Barangay 575,9,0,9
National Capital Region (NCR),Sampaloc,Barangay 505,9,0,9
National Capital Region (NCR),Sampaloc,Barangay 401,74,0,8
National Capital Region (NCR),Sampaloc,Barangay 455,8,0,8
National Capital Region (NCR),Sampaloc,Barangay 402,8,0,8
National Capital Region (NCR),Sampaloc,Barangay 434,7,0,7
National Capital Region (NCR),Sampaloc,Barangay 621,7,0,7
National Capital Region (NCR),Sampaloc,Barangay 597,7,0,7
National Capital Region (NCR),Sampaloc,Barangay 453,7,0,7
National Capital Region (NCR),Sampaloc,Barangay 472,7,0,7
National Capital Region (NCR),Sampaloc,Barangay 451,6,0,6
National Capital Region (NCR),Sampaloc,Barangay 417,6,0,6
National Capital Region (NCR),Sampaloc,Barangay 410,6,0,6
National Capital Region (NCR),Sampaloc,Barangay 632,6,0,6
National Capital Region (NCR),Sampaloc,Barangay 581,5,0,5
National Capital Region (NCR),Sampaloc,Barangay 631,5,0,5
National Capital Region (NCR),Sampaloc,Barangay 439,5,0,5
National Capital Region (NCR),Sampaloc,Barangay 467,5,0,5
National Capital Region (NCR),Sampaloc,Barangay 573,5,0,5
National Capital Region (NCR),Sampaloc,Barangay 634,5,0,5
National Capital Region (NCR),Sampaloc,Barangay 584,5,0,5
National Capital Region (NCR),Sampaloc,Barangay 519,5,0,5
National Capital Region (NCR),Sampaloc,Barangay 541,5,0,5
National Capital Region (NCR),Sampaloc,Barangay 429,5,0,5
National Capital Region (NCR),Sampaloc,Barangay 596,4,0,4
National Capital Region (NCR),Sampaloc,Barangay 551,4,0,4
National Capital Region (NCR),Sampaloc,Barangay 520,4,0,4
National Capital Region (NCR),Sampaloc,Barangay 418,4,0,4
National Capital Region (NCR),Sampaloc,Barangay 592,5,0,4
National Capital Region (NCR),Sampaloc,Barangay 484,4,0,4
National Capital Region (NCR),Sampaloc,Barangay 450,5,0,4
National Capital Region (NCR),Sampaloc,Barangay 461,4,0,4
National Capital Region (NCR),Sampaloc,Barangay 527,5,0,4
National Capital Region (NCR),Sampaloc,Barangay 615,3,0,3
National Capital Region (NCR),Sampaloc,Barangay 503,3,0,3
National Capital Region (NCR),Sampaloc,Barangay 476,3,0,3
National Capital Region (NCR),Sampaloc,Barangay 586,3,0,3
National Capital Region (NCR),Sampaloc,Barangay 630,3,0,3
National Capital Region (NCR),Sampaloc,Barangay 565,3,0,3
National Capital Region (NCR),Sampaloc,Barangay 463,4,0,3
National Capital Region (NCR),Sampaloc,Barangay 593,3,0,3
National Capital Region (NCR),Sampaloc,Barangay 562,3,0,3
National Capital Region (NCR),Sampaloc,Barangay 579,4,0,3
National Capital Region (NCR),Sampaloc,Barangay 406,3,0,3
National Capital Region (NCR),Sampaloc,Barangay 448,2,0,2
National Capital Region (NCR),Sampaloc,Barangay 409,2,0,2
National Capital Region (NCR),Sampaloc,Barangay 422,2,0,2
National Capital Region (NCR),Sampaloc,Barangay 528,2,0,2
National Capital Region (NCR),Sampaloc,Barangay 438,2,0,2
National Capital Region (NCR),Sampaloc,Barangay 576,2,0,2
National Capital Region (NCR),Sampaloc,Barangay 416,2,0,2
National Capital Region (NCR),Sampaloc,Barangay 537,2,0,2
National Capital Region (NCR),Sampaloc,Barangay 629,2,0,2
National Capital Region (NCR),Sampaloc,Barangay 499,2,0,2
National Capital Region (NCR),Sampaloc,Barangay 436,2,0,2
National Capital Region (NCR),Sampaloc,Barangay 508,2,0,2
National Capital Region (NCR),Sampaloc,Barangay 566,2,0,2
National Capital Region (NCR),Sampaloc,Barangay 636,5,0,2
National Capital Region (NCR),Sampaloc,Barangay 568,2,0,2
National Capital Region (NCR),Sampaloc,Barangay 591,3,0,2
National Capital Region (NCR),Sampaloc,Barangay 482,2,0,2
National Capital Region (NCR),Sampaloc,Barangay 459,2,0,2
National Capital Region (NCR),Sampaloc,Barangay 501,2,0,2
National Capital Region (NCR),Sampaloc,Barangay 513,2,0,2
National Capital Region (NCR),Sampaloc,Barangay 493,2,0,2
National Capital Region (NCR),Sampaloc,Barangay 483,2,0,2
National Capital Region (NCR),Sampaloc,Barangay 415,2,0,2
National Capital Region (NCR),Sampaloc,Barangay 553,2,0,2
National Capital Region (NCR),Sampaloc,Barangay 557,2,0,2
National Capital Region (NCR),Sampaloc,Barangay 395,2,0,2
National Capital Region (NCR),Sampaloc,Barangay 587-A,2,0,1
National Capital Region (NCR),Sampaloc,Barangay 623,2,0,1
National Capital Region (NCR),Sampaloc,Barangay 464,1,0,1
National Capital Region (NCR),Sampaloc,Barangay 539,1,0,1
National Capital Region (NCR),Sampaloc,BARANGAY 400,3,0,1
National Capital Region (NCR),Sampaloc,Barangay 433,1,0,1
National Capital Region (NCR),Sampaloc,Barangay 512,1,0,1
National Capital Region (NCR),Sampaloc,Barangay 543,1,0,1
National Capital Region (NCR),Sampaloc,Barangay 604,2,0,1
National Capital Region (NCR),Sampaloc,Barangay 545,1,0,1
National Capital Region (NCR),Sampaloc,Barangay 529,1,0,1
National Capital Region (NCR),Sampaloc,Barangay 546,1,0,1
National Capital Region (NCR),Sampaloc,Barangay 506,1,0,1
National Capital Region (NCR),Sampaloc,Barangay 396,1,0,1
National Capital Region (NCR),Sampaloc,Barangay 408,1,0,1
National Capital Region (NCR),Sampaloc,Barangay 413,1,0,1
National Capital Region (NCR),Sampaloc,Barangay 515,1,0,1
National Capital Region (NCR),Sampaloc,Barangay 414,1,0,1
National Capital Region (NCR),Sampaloc,Barangay 522,1,0,1
National Capital Region (NCR),Sampaloc,Barangay 558,2,0,1
National Capital Region (NCR),Sampaloc,Barangay 525,1,0,1
National Capital Region (NCR),Sampaloc,Barangay 559,1,0,1
National Capital Region (NCR),Sampaloc,Barangay 399,1,0,1
National Capital Region (NCR),Sampaloc,Barangay 561,1,0,1
National Capital Region (NCR),Sampaloc,Barangay 534,1,0,1
National Capital Region (NCR),Sampaloc,Barangay 397,1,0,1
National Capital Region (NCR),Sampaloc,Barangay 582,1,0,1
National Capital Region (NCR),Sampaloc,Barangay 441,1,0,1
National Capital Region (NCR),Sampaloc,Barangay 421,1,0,1
National Capital Region (NCR),Sampaloc,Barangay 442,1,0,1
National Capital Region (NCR),Sampaloc,Barangay 590,1,0,1
National Capital Region (NCR),Sampaloc,Barangay 403,1,0,1
National Capital Region (NCR),Sampaloc,Barangay 511,1,0,1
National Capital Region (NCR),Sampaloc,Barangay 492,1,0,1
National Capital Region (NCR),Sampaloc,Barangay 423,1,0,1
National Capital Region (NCR),Sampaloc,BARANGAY 449,1,0,1
National Capital Region (NCR),Sampaloc,Barangay 424,1,0,1
National Capital Region (NCR),Sampaloc,BARANGAY 571,1,0,1
National Capital Region (NCR),Sampaloc,Barangay 521,1,0,1
National Capital Region (NCR),Sampaloc,Barangay 404,1,0,1
National Capital Region (NCR),Sampaloc,Barangay 523,1,0,1
National Capital Region (NCR),Sampaloc,Barangay 405,1,0,1
National Capital Region (NCR),Sampaloc,Barangay 524,1,0,1
National Capital Region (NCR),Sampaloc,Barangay 452,1,0,1
National Capital Region (NCR),Sampaloc,Barangay 526,1,0,1
National Capital Region (NCR),Sampaloc,Barangay 502,1,0,1
National Capital Region (NCR),Sampaloc,Barangay 625,4,0,1
National Capital Region (NCR),Sampaloc,Barangay 398,1,0,1
National Capital Region (NCR),Sampaloc,Barangay 430,1,0,1
National Capital Region (NCR),Sampaloc,Barangay 577,1,0,1
National Capital Region (NCR),Sampaloc,Barangay 531,1,0,1
National Capital Region (NCR),Sampaloc,Barangay 504,1,0,1
National Capital Region (NCR),Sampaloc,Barangay 536,1,0,1
National Capital Region (NCR),Sampaloc,Barangay 580,1,0,1
National Capital Region (NCR),Sampaloc,BARANGAY 407,1,0,1
National Capital Region (NCR),Sampaloc,Barangay 510,1,0,1
National Capital Region (NCR),City of Makati,Olympia,88,0,88
National Capital Region (NCR),City of Makati,Guadalupe Nuevo,78,0,77
National Capital Region (NCR),City of Makati,La Paz,60,0,60
National Capital Region (NCR),City of Makati,Guadalupe Viejo,59,0,59
National Capital Region (NCR),City of Makati,Tejeros,58,0,58
National Capital Region (NCR),City of Makati,Pinagkaisahan,53,0,51
National Capital Region (NCR),City of Makati,Bangkal,50,0,50
National Capital Region (NCR),City of Makati,Singkamas,51,0,49
National Capital Region (NCR),City of Makati,Santa Cruz,48,0,48
National Capital Region (NCR),City of Makati,Palanan,44,0,44
National Capital Region (NCR),City of Makati,Carmona,40,0,40
National Capital Region (NCR),City of Makati,San Isidro,40,0,40
National Capital Region (NCR),City of Makati,Kasilawan,39,0,39
National Capital Region (NCR),City of Makati,Pio Del Pilar,36,0,36
National Capital Region (NCR),City of Makati,Poblacion,32,0,31
National Capital Region (NCR),City of Makati,San Antonio,30,0,30
National Capital Region (NCR),City of Makati,Post Proper Southside,8,0,6
National Capital Region (NCR),City of Makati,Valenzuela,6,0,6
National Capital Region (NCR),City of Makati,East Rembo,1,0,1
National Capital Region (NCR),City of Makati,Comembo,7,0,1
National Capital Region (NCR),City of Makati,Dasmariñas,1,0,1
National Capital Region (NCR),City of Pasig,Manggahan,157,1,149
National Capital Region (NCR),City of Pasig,Pinagbuhatan,148,2,106
National Capital Region (NCR),City of Pasig,Santo Tomas,92,0,89
National Capital Region (NCR),City of Pasig,Santolan,194,0,84
National Capital Region (NCR),City of Pasig,Palatiw,67,0,60
National Capital Region (NCR),City of Pasig,Pineda,59,0,59
National Capital Region (NCR),City of Pasig,Rosario,51,1,50
National Capital Region (NCR),City of Pasig,Santa Lucia,129,0,47
National Capital Region (NCR),City of Pasig,San Miguel,39,0,39
National Capital Region (NCR),City of Pasig,Kalawaan,31,0,30
National Capital Region (NCR),City of Pasig,Ugong,17,0,15
National Capital Region (NCR),City of Pasig,Malinao,14,0,14
National Capital Region (NCR),City of Pasig,Caniogan,10,0,10
National Capital Region (NCR),City of Pasig,Maybunga,11,0,9
National Capital Region (NCR),City of Pasig,San Joaquin,7,0,7
National Capital Region (NCR),City of Pasig,Santa Cruz,7,0,6
National Capital Region (NCR),City of Pasig,Kapasigan,6,0,6
National Capital Region (NCR),City of Pasig,Sagad,6,0,6
National Capital Region (NCR),City of Pasig,Bagong Katipunan,5,0,5
National Capital Region (NCR),City of Pasig,Bambang,12,0,4
National Capital Region (NCR),City of Pasig,Bagong Ilog,4,0,4
National Capital Region (NCR),City of Pasig,Dela Paz,3,0,3
National Capital Region (NCR),City of Pasig,Sumilang,5,0,2
National Capital Region (NCR),City of Pasig,San Nicolas ,1,0,1
National Capital Region (NCR),City of Pasig,Buting,1,1,1
National Capital Region (NCR),City of Pasig,Oranbo,1,0,1
National Capital Region (NCR),Pasay City,Barangay 144,134,0,134
National Capital Region (NCR),Pasay City,Barangay 39,115,0,115
National Capital Region (NCR),Pasay City,Barangay 145,104,0,53
National Capital Region (NCR),Pasay City,Barangay 47,43,0,43
National Capital Region (NCR),Pasay City,Barangay 201,37,0,37
National Capital Region (NCR),Pasay City,Barangay 43,33,0,27
National Capital Region (NCR),Pasay City,Barangay 183,24,0,24
National Capital Region (NCR),Pasay City,Barangay 46,40,0,18
National Capital Region (NCR),Pasay City,Barangay 177,14,0,14
National Capital Region (NCR),Pasay City,Barangay 179,20,0,14
National Capital Region (NCR),Pasay City,Barangay 130,29,0,12
National Capital Region (NCR),Pasay City,Barangay 178,11,0,11
National Capital Region (NCR),Pasay City,Barangay 65,10,0,10
National Capital Region (NCR),Pasay City,Barangay 190,17,0,9
National Capital Region (NCR),Pasay City,Barangay 14,9,0,9
National Capital Region (NCR),Pasay City,Barangay 192,9,0,9
National Capital Region (NCR),Pasay City,Barangay 182,9,0,9
National Capital Region (NCR),Pasay City,Barangay 184,9,0,9
National Capital Region (NCR),Pasay City,Barangay 98,9,0,9
National Capital Region (NCR),Pasay City,Barangay 156,8,0,8
National Capital Region (NCR),Pasay City,Barangay 66,8,0,8
National Capital Region (NCR),Pasay City,Barangay 172,7,0,7
National Capital Region (NCR),Pasay City,Barangay 185,7,0,6
National Capital Region (NCR),Pasay City,Barangay 165,5,0,5
National Capital Region (NCR),Pasay City,Barangay 118,5,0,5
National Capital Region (NCR),Pasay City,Barangay 170,5,0,5
National Capital Region (NCR),Pasay City,Barangay 193,5,0,5
National Capital Region (NCR),Pasay City,Barangay 186,5,0,5
National Capital Region (NCR),Pasay City,Barangay 197,5,0,5
National Capital Region (NCR),Pasay City,Barangay 134,5,0,5
National Capital Region (NCR),Pasay City,Barangay 169,5,0,5
National Capital Region (NCR),Pasay City,Barangay 102,5,0,5
National Capital Region (NCR),Pasay City,Barangay 181,6,0,5
National Capital Region (NCR),Pasay City,Barangay 180,5,0,5
National Capital Region (NCR),Pasay City,Barangay 96,4,0,4
National Capital Region (NCR),Pasay City,Barangay 137,4,0,4
National Capital Region (NCR),Pasay City,Barangay 157,3,0,3
National Capital Region (NCR),Pasay City,Barangay 21,3,0,3
National Capital Region (NCR),Pasay City,Barangay 1,3,0,3
National Capital Region (NCR),Pasay City,Barangay 141,3,0,3
National Capital Region (NCR),Pasay City,Barangay 198,3,0,3
National Capital Region (NCR),Pasay City,Barangay 57,2,0,2
National Capital Region (NCR),Pasay City,Barangay 174,2,0,2
National Capital Region (NCR),Pasay City,Barangay 162,2,0,2
National Capital Region (NCR),Pasay City,Barangay 116,2,0,2
National Capital Region (NCR),Pasay City,Barangay 33,2,0,2
National Capital Region (NCR),Pasay City,Barangay 133,2,0,2
National Capital Region (NCR),Pasay City,Barangay 8,2,0,2
National Capital Region (NCR),Pasay City,Barangay 136,2,0,2
National Capital Region (NCR),Pasay City,Barangay 94,2,0,2
National Capital Region (NCR),Pasay City,Barangay 109,2,0,2
National Capital Region (NCR),Pasay City,Barangay 23,2,0,2
National Capital Region (NCR),Pasay City,Barangay 19,2,0,2
National Capital Region (NCR),Pasay City,Barangay 42,3,0,2
National Capital Region (NCR),Pasay City,Barangay 104,2,0,2
National Capital Region (NCR),Pasay City,Barangay 159,2,0,2
National Capital Region (NCR),Pasay City,Barangay 194,3,0,2
National Capital Region (NCR),Pasay City,Barangay 110,2,0,2
National Capital Region (NCR),Pasay City,Barangay 113,2,0,2
National Capital Region (NCR),Pasay City,Barangay 142,1,0,1
National Capital Region (NCR),Pasay City,Barangay 18,1,0,1
National Capital Region (NCR),Pasay City,Barangay 155,1,0,1
National Capital Region (NCR),Pasay City,Barangay 127,1,0,1
National Capital Region (NCR),Pasay City,Barangay 7,1,0,1
National Capital Region (NCR),Pasay City,Barangay 196,1,0,1
National Capital Region (NCR),Pasay City,Barangay 41,1,0,1
National Capital Region (NCR),Pasay City,Barangay 107,1,0,1
National Capital Region (NCR),Pasay City,Barangay 124,1,0,1
National Capital Region (NCR),Pasay City,Barangay 128,1,0,1
National Capital Region (NCR),Pasay City,Barangay 175,1,0,1
National Capital Region (NCR),Pasay City,Barangay 99,1,0,1
National Capital Region (NCR),Pasay City,Barangay 75,1,0,1
National Capital Region (NCR),Pasay City,Barangay 84,1,0,1
National Capital Region (NCR),Pasay City,Barangay 150,1,0,1
National Capital Region (NCR),Pasay City,Barangay 117,1,0,1
National Capital Region (NCR),Pasay City,Barangay 189,2,0,1
National Capital Region (NCR),Pasay City,Barangay 139,1,0,1
National Capital Region (NCR),Pasay City,Barangay 115,1,0,1
National Capital Region (NCR),Pasay City,Barangay 106,1,0,1
National Capital Region (NCR),Pasay City,Barangay 52,1,0,1
National Capital Region (NCR),Pasay City,Barangay 24,1,0,1
National Capital Region (NCR),Pasay City,Barangay 6,1,0,1
National Capital Region (NCR),Pasay City,Barangay 3,1,0,1
National Capital Region (NCR),Pasay City,Barangay 16,1,0,1
National Capital Region (NCR),Pasay City,Barangay 32,1,0,1
National Capital Region (NCR),Pasay City,Barangay 72,1,0,1
National Capital Region (NCR),Pasay City,Barangay 187,59,0,1
National Capital Region (NCR),Pasay City,Barangay 79,23,0,1
National Capital Region (NCR),Pasay City,Barangay 35,1,0,1
National Capital Region (NCR),Pasay City,Barangay 143,2,0,1
National Capital Region (NCR),Pasay City,Barangay 38,1,0,1
National Capital Region (NCR),Pasay City,Barangay 173,1,0,1
National Capital Region (NCR),Pasay City,Barangay 171,1,0,1
National Capital Region (NCR),Pasay City,Barangay 22,1,0,1
National Capital Region (NCR),Pasay City,Barangay 164,1,0,1
National Capital Region (NCR),Pasay City,Barangay 199,1,0,1
National Capital Region (NCR),City of Mandaluyong,Addition Hills,761,0,268
National Capital Region (NCR),City of Mandaluyong,Poblacion,103,0,101
National Capital Region (NCR),City of Mandaluyong,Mauway,0,1,
National Capital Region (NCR),City of Mandaluyong,Plainview,87,0,86
National Capital Region (NCR),City of Mandaluyong,Vergara,80,0,80
National Capital Region (NCR),City of Mandaluyong,Hagdang Bato Libis,48,0,46
National Capital Region (NCR),City of Mandaluyong,Mabini-J. Rizal,46,0,42
National Capital Region (NCR),City of Mandaluyong,Hulo,21,0,21
National Capital Region (NCR),City of Mandaluyong,Barangka Ibaba,20,0,14
National Capital Region (NCR),City of Mandaluyong,San Jose,13,0,12
National Capital Region (NCR),City of Mandaluyong,Barangka Itaas,11,0,11
National Capital Region (NCR),City of Mandaluyong,Barangka Ilaya,7,0,6
National Capital Region (NCR),City of Mandaluyong,Barangka Drive,68,0,4
National Capital Region (NCR),City of Mandaluyong,Hagdang Bato Itaas,4,0,2
National Capital Region (NCR),City of Mandaluyong,Malamig,2,0,2
National Capital Region (NCR),City of Mandaluyong,Daang Bakal,1,0,1
National Capital Region (NCR),City of Mandaluyong,Pleasant Hills,1,0,1
National Capital Region (NCR),City of Mandaluyong,Old Zañiga,1,0,1
National Capital Region (NCR),TAGUIG CITY,BAGONG TANYAG,1,0,1
National Capital Region (NCR),City of Taguig,Bagumbayan,22,0,22
National Capital Region (NCR),City of Taguig,Calzada,7,0,7
National Capital Region (NCR),City of Taguig,Central Bicutan,11,0,11
National Capital Region (NCR),City of Taguig,Central Signal Village,10,0,10
National Capital Region (NCR),City of Taguig,Fort Bonifacio,2,0,2
National Capital Region (NCR),City of Taguig,Hagonoy,23,0,23
National Capital Region (NCR),City of Taguig,Ibayo-Tipas,8,0,8
National Capital Region (NCR),City of Taguig,Katuparan,17,0,17
National Capital Region (NCR),City of Taguig,Ligid-Tipas,3,0,3
National Capital Region (NCR),City of Taguig,Lower Bicutan,24,0,18
National Capital Region (NCR),City of Taguig,Maharlika Village,24,0,24
National Capital Region (NCR),City of Taguig,Napindan,49,0,49
National Capital Region (NCR),City of Taguig,New Lower Bicutan,40,0,40
National Capital Region (NCR),City of Taguig,North Daang Hari,4,0,4
National Capital Region (NCR),City of Taguig,North Signal Village,3,0,3
National Capital Region (NCR),City of Taguig,Palingon,15,0,15
National Capital Region (NCR),City of Taguig,Pinagsama,16,0,16
National Capital Region (NCR),City of Taguig,Post Proper Southside,8,0,8
National Capital Region (NCR),City of Taguig,Rizal,2,0,2
National Capital Region (NCR),City of Taguig,San Miguel,2,0,2
National Capital Region (NCR),City of Taguig,Santa Ana,3,0,3
National Capital Region (NCR),City of Taguig,South Daang Hari,13,0,13
National Capital Region (NCR),City of Las Piñas,Talon Tres,77,0,77
National Capital Region (NCR),City of Las Piñas,Pamplona Tres,63,0,63
National Capital Region (NCR),City of Las Piñas,Elias Aldana,61,0,61
National Capital Region (NCR),City of Las Piñas,Talon Uno,45,0,45
National Capital Region (NCR),City of Las Piñas,Pilar,43,0,43
National Capital Region (NCR),City of Las Piñas,Pamplona Uno,37,0,37
National Capital Region (NCR),City of Las Piñas,Zapote,95,0,33
National Capital Region (NCR),City of Las Piñas,Pulang Lupa Uno,17,0,17
National Capital Region (NCR),City of Las Piñas,Manuyo Dos,16,0,16
National Capital Region (NCR),City of Las Piñas,Talon Dos,11,0,10
National Capital Region (NCR),City of Las Piñas,B. F. International Village,8,0,8
National Capital Region (NCR),City of Las Piñas,Talon Singko,10,0,7
National Capital Region (NCR),City of Las Piñas,Pulang Lupa Dos,7,0,7
National Capital Region (NCR),City of Las Piñas,Almanza Uno,8,0,6
National Capital Region (NCR),City of Las Piñas,Talon Kuatro,7,0,4
National Capital Region (NCR),City of Las Piñas,Ilaya,2,0,2
National Capital Region (NCR),City of Las Piñas,Daniel Fajardo,53,0,2
National Capital Region (NCR),City of Las Piñas,Manuyo Uno,1,0,1
National Capital Region (NCR),City of Las Piñas,Almanza Dos,9,0,1
National Capital Region (NCR),City of Muntinlupa,Poblacion,150,0,150
National Capital Region (NCR),City of Muntinlupa,Alabang,177,0,136
National Capital Region (NCR),City of Muntinlupa,Putatan,87,0,84
National Capital Region (NCR),City of Muntinlupa,Bayanan,25,0,25
National Capital Region (NCR),City of Muntinlupa,Cupang,14,0,4
National Capital Region (NCR),Port Area,Barangay 649,666,0,341
National Capital Region (NCR),Port Area,Barangay 650,51,0,10
National Capital Region (NCR),Port Area,Barangay 653,1,0,1
National Capital Region (NCR),Port Area,Barangay 651,1,0,1
National Capital Region (NCR),City of Navotas,Tanza 1,82,0,82
National Capital Region (NCR),City of Navotas,Bagumbayan North,28,0,28
National Capital Region (NCR),City of Navotas,San Roque,26,0,26
National Capital Region (NCR),City of Navotas,Daanghari,23,0,23
National Capital Region (NCR),City of Navotas,Tanza 2,22,0,22
National Capital Region (NCR),City of Navotas,NBBS Dagat-dagatan,22,0,22
National Capital Region (NCR),City of Navotas,Tangos South,15,0,15
National Capital Region (NCR),City of Navotas,Navotas East,5,0,5
National Capital Region (NCR),City of Navotas,San Rafael Village,5,0,5
National Capital Region (NCR),City of Navotas,Bangculasi,4,0,4
National Capital Region (NCR),City of Navotas,NBBS Kaunlaran,4,0,4
National Capital Region (NCR),City of Navotas,North Bay Boulevard North,39,0,4
National Capital Region (NCR),City of Navotas,Tangos North,3,0,3
National Capital Region (NCR),City of Navotas,TANZA,19,0,3
National Capital Region (NCR),City of Navotas,San Jose ,3,0,3
National Capital Region (NCR),City of Navotas,Sipac-Almacen,2,0,2
National Capital Region (NCR),City of Navotas,NBBS Proper,1,0,1
National Capital Region (NCR),City of Navotas,Navotas West,2,0,1
National Capital Region (NCR),City of Navotas,TANGOS,1,0,1
National Capital Region (NCR),Quiapo,Barangay 387,128,0,126
National Capital Region (NCR),Quiapo,Barangay 384,101,0,89
National Capital Region (NCR),Quiapo,Barangay 306,13,0,13
National Capital Region (NCR),Quiapo,Barangay 383,4,0,4
National Capital Region (NCR),Quiapo,BARANGAY 393,13,0,4
National Capital Region (NCR),Quiapo,Barangay 385,7,0,4
National Capital Region (NCR),Quiapo,Barangay 386,4,0,4
National Capital Region (NCR),Quiapo,Barangay 391,3,0,2
National Capital Region (NCR),Quiapo,BARANGAY 392,1,0,1
National Capital Region (NCR),Quiapo,BARANGAY 394,1,0,1
National Capital Region (NCR),Quiapo,Barangay 308,1,0,1
National Capital Region (NCR),Quiapo,Barangay 389,1,0,1
National Capital Region (NCR),Quiapo,BARANGAY 388,5,0,1
National Capital Region (NCR),Quiapo,BARANGAY 307,1,0,1
National Capital Region (NCR),City of San Juan,Batis,110,0,110
National Capital Region (NCR),City of San Juan,Rivera,44,0,44
National Capital Region (NCR),City of San Juan,San Perfecto,15,0,15
National Capital Region (NCR),City of San Juan,Kabayanan,15,0,15
National Capital Region (NCR),City of San Juan,Salapan,14,0,14
National Capital Region (NCR),City of San Juan,Balong-Bato,14,0,14
National Capital Region (NCR),City of San Juan,Ermitaño,12,0,12
National Capital Region (NCR),City of San Juan,Corazon De Jesus,8,0,8
National Capital Region (NCR),City of San Juan,Progreso,5,0,5
National Capital Region (NCR),City of San Juan,Onse,5,0,5
National Capital Region (NCR),City of San Juan,Pedro Cruz,4,0,4
National Capital Region (NCR),City of San Juan,West Crame,1,0,1
National Capital Region (NCR),City of San Juan,Santa Lucia,1,0,1
National Capital Region (NCR),City of San Juan,Halo-halo,1,0,1
National Capital Region (NCR),City of San Juan,Maytunas,1,0,1
National Capital Region (NCR),City of San Juan,Pasadeña,1,0,1
National Capital Region (NCR),Santa Cruz,Barangay 310,53,0,53
National Capital Region (NCR),Santa Cruz,Barangay 330,36,0,36
National Capital Region (NCR),Santa Cruz,BARANGAY 365,20,0,20
National Capital Region (NCR),Santa Cruz,Barangay 327,16,0,16
National Capital Region (NCR),Santa Cruz,Barangay 372,18,0,13
National Capital Region (NCR),Santa Cruz,Barangay 328,10,0,10
National Capital Region (NCR),Santa Cruz,Barangay 351,8,0,8
National Capital Region (NCR),Santa Cruz,Barangay 329,8,0,8
National Capital Region (NCR),Santa Cruz,Barangay 312,7,0,7
National Capital Region (NCR),Santa Cruz,Barangay 331,6,0,6
National Capital Region (NCR),Santa Cruz,Barangay 326,6,0,6
National Capital Region (NCR),Santa Cruz,Barangay 334,6,0,6
National Capital Region (NCR),Santa Cruz,Barangay 373,5,0,5
National Capital Region (NCR),Santa Cruz,Barangay 311,5,0,5
National Capital Region (NCR),Santa Cruz,Barangay 344,4,0,4
National Capital Region (NCR),Santa Cruz,Barangay 333,5,0,4
National Capital Region (NCR),Santa Cruz,Barangay 340,4,0,4
National Capital Region (NCR),Santa Cruz,Barangay 366,2,0,2
National Capital Region (NCR),Santa Cruz,Barangay 336,2,0,2
National Capital Region (NCR),Santa Cruz,Barangay 320,2,0,2
National Capital Region (NCR),Santa Cruz,Barangay 323,2,0,2
National Capital Region (NCR),Santa Cruz,Barangay 355,2,0,2
National Capital Region (NCR),Santa Cruz,Barangay 349,2,0,2
National Capital Region (NCR),Santa Cruz,BARANGAY 367,1,0,1
National Capital Region (NCR),Santa Cruz,Barangay 315,1,0,1
National Capital Region (NCR),Santa Cruz,Barangay 339,1,0,1
National Capital Region (NCR),Santa Cruz,Barangay 354,1,0,1
National Capital Region (NCR),Santa Cruz,Barangay 324,1,0,1
National Capital Region (NCR),Santa Cruz,Barangay 332,1,0,1
National Capital Region (NCR),Santa Cruz,Barangay 346,2,0,1
National Capital Region (NCR),Santa Cruz,Barangay 357,1,0,1
National Capital Region (NCR),Santa Cruz,Barangay 313,1,0,1
National Capital Region (NCR),Santa Cruz,Barangay 361,1,0,1
National Capital Region (NCR),San Nicolas,Barangay 275,64,0,61
National Capital Region (NCR),San Nicolas,Barangay 274,38,0,38
National Capital Region (NCR),San Nicolas,Barangay 283,37,0,37
National Capital Region (NCR),San Nicolas,Barangay 286,35,0,34
National Capital Region (NCR),San Nicolas,Barangay 272,21,0,21
National Capital Region (NCR),San Nicolas,Barangay 276,12,0,12
National Capital Region (NCR),San Nicolas,Barangay 273,2,0,2
National Capital Region (NCR),San Nicolas,Barangay 312,1,0,1
National Capital Region (NCR),San Nicolas,BARANGAY 281,1,0,1
National Capital Region (NCR),San Nicolas,Barangay 270,5,0,1
National Capital Region (NCR),Pandacan,Barangay 850,32,0,32
National Capital Region (NCR),Pandacan,Barangay 846,73,0,30
National Capital Region (NCR),Pandacan,Barangay 869,23,0,14
National Capital Region (NCR),Pandacan,Barangay 834,14,0,13
National Capital Region (NCR),Pandacan,Barangay 845,12,0,12
National Capital Region (NCR),Pandacan,Barangay 844,12,0,11
National Capital Region (NCR),Pandacan,Barangay 833,13,0,10
National Capital Region (NCR),Pandacan,Barangay 848,11,0,10
National Capital Region (NCR),Pandacan,Barangay 836,10,0,9
National Capital Region (NCR),Pandacan,BARANGAY 863,19,0,
NCR [NATIONAL CAPITAL REGION],PANDACAN,BARANGAY 839,49,0,
National Capital Region (NCR),Pandacan,Barangay 849,9,0,9
National Capital Region (NCR),Pandacan,Barangay 837,24,0,8
National Capital Region (NCR),Pandacan,Barangay 838,6,0,6
National Capital Region (NCR),Pandacan,Barangay 871,5,0,5
National Capital Region (NCR),Pandacan,Barangay 847,6,0,5
National Capital Region (NCR),Pandacan,Barangay 843,7,0,4
National Capital Region (NCR),Pandacan,Barangay 835,4,0,3
National Capital Region (NCR),Pandacan,Barangay 870,4,0,3
National Capital Region (NCR),Pandacan,Barangay 852,3,0,3
National Capital Region (NCR),Pandacan,Barangay 851,3,0,2
National Capital Region (NCR),Pandacan,Barangay 840,3,0,2
National Capital Region (NCR),Pandacan,Barangay 859,4,0,2
National Capital Region (NCR),Pandacan,Barangay 867,4,0,2
National Capital Region (NCR),Pandacan,Barangay 872,28,0,2
National Capital Region (NCR),Pandacan,Barangay 858,1,0,1
National Capital Region (NCR),Pandacan,Barangay 861,1,0,1
National Capital Region (NCR),Pandacan,Barangay 856,1,0,1
National Capital Region (NCR),Pandacan,Barangay 842,32,0,1
National Capital Region (NCR),Pandacan,Barangay 865,5,0,1
National Capital Region (NCR),Pandacan,Barangay 868,3,0,1
National Capital Region (NCR),Pandacan,Barangay 857,2,0,1
National Capital Region (NCR),Santa Ana,Barangay 905,31,0,30
National Capital Region (NCR),Santa Ana,Barangay 770,16,0,16
National Capital Region (NCR),Santa Ana,Barangay 776,14,0,14
National Capital Region (NCR),Santa Ana,Barangay 774,13,0,13
National Capital Region (NCR),Santa Ana,Barangay 902,11,0,11
National Capital Region (NCR),Santa Ana,Barangay 754,8,0,8
National Capital Region (NCR),Santa Ana,BARANGAY 866,54,0,
National Capital Region (NCR),Santa Ana,BARANGAY 873,22,0,
National Capital Region (NCR),Santa Ana,Barangay 781,8,0,8
National Capital Region (NCR),Santa Ana,Barangay 772,7,0,7
National Capital Region (NCR),Santa Ana,Barangay 900,13,0,6
National Capital Region (NCR),Santa Ana,Barangay 791,6,0,6
National Capital Region (NCR),Santa Ana,Barangay 767,182,0,5
National Capital Region (NCR),Santa Ana,Barangay 877,4,0,4
National Capital Region (NCR),Santa Ana,Barangay 800,4,0,4
National Capital Region (NCR),Santa Ana,Barangay 775,5,0,4
National Capital Region (NCR),Santa Ana,Barangay 773,3,0,3
National Capital Region (NCR),Santa Ana,Barangay 780,3,0,3
National Capital Region (NCR),Santa Ana,Barangay 894,3,0,3
National Capital Region (NCR),Santa Ana,Barangay 802,3,0,3
National Capital Region (NCR),Santa Ana,Barangay 901,3,0,2
National Capital Region (NCR),Santa Ana,Barangay 903,9,0,2
National Capital Region (NCR),Santa Ana,Barangay 771,2,0,2
National Capital Region (NCR),Santa Ana,Barangay 779,2,0,2
National Capital Region (NCR),Santa Ana,Barangay 904,4,0,2
National Capital Region (NCR),Santa Ana,Barangay 766,2,0,2
National Capital Region (NCR),Santa Ana,Barangay 805,2,0,2
National Capital Region (NCR),Santa Ana,Barangay 898,7,0,1
National Capital Region (NCR),Santa Ana,Barangay 801,1,0,1
National Capital Region (NCR),Santa Ana,Barangay 794,1,0,1
National Capital Region (NCR),Santa Ana,Barangay 804,1,0,1
National Capital Region (NCR),Santa Ana,Barangay 803,1,0,1
National Capital Region (NCR),Santa Ana,Barangay 752,1,0,1
National Capital Region (NCR),Santa Ana,Barangay 753,1,0,1
National Capital Region (NCR),Santa Ana,Barangay 784,1,0,1
National Capital Region (NCR),Santa Ana,Barangay 778,1,0,1
National Capital Region (NCR),Santa Ana,Barangay 893,1,0,1
National Capital Region (NCR),Santa Ana,Barangay 745,1,0,1
National Capital Region (NCR),Santa Ana,BARANGAY 793,1,0,1
National Capital Region (NCR),Santa Ana,Barangay 897,2,0,1
National Capital Region (NCR),Santa Ana,Barangay 757,1,0,1
National Capital Region (NCR),San Miguel,Barangay 648,123,0,69
National Capital Region (NCR),San Miguel,Barangay 647,66,0,62
National Capital Region (NCR),San Miguel,Barangay 645,17,0,15
National Capital Region (NCR),San Miguel,Barangay 644,4,0,4
National Capital Region (NCR),San Miguel,Barangay 639,3,0,3
National Capital Region (NCR),San Miguel,Barangay 643,4,0,3
National Capital Region (NCR),San Miguel,Barangay 637,2,0,2
National Capital Region (NCR),San Miguel,Barangay 638,1,0,1
National Capital Region (NCR),San Miguel,BARANGAY 641,1,0,1
National Capital Region (NCR),City of Taguig,South Signal Village,4,0,4
National Capital Region (NCR),City of Taguig,Tanyag,3,0,3
National Capital Region (NCR),City of Taguig,Tuktukan,8,0,8
National Capital Region (NCR),City of Taguig,Upper Bicutan,21,0,21
National Capital Region (NCR),City of Taguig,Ususan,332,0,332
National Capital Region (NCR),City of Taguig,Wawa,10,0,10
National Capital Region (NCR),City of Taguig,West Rembo,1,0,1
National Capital Region (NCR),City of Taguig,Western Bicutan,25,0,25
National Capital Region (NCR),Malate,Barangay 708,7,0,7
National Capital Region (NCR),Malate,Barangay 707,5,0,5
National Capital Region (NCR),Malate,Barangay 709,4,0,4
National Capital Region (NCR),Malate,Barangay 713,4,0,4
National Capital Region (NCR),Malate,Barangay 702,2,0,2
National Capital Region (NCR),Malate,Barangay 719,2,0,2
National Capital Region (NCR),Malate,Barangay 735,2,0,2
National Capital Region (NCR),Malate,Barangay 733,1,0,1
National Capital Region (NCR),Malate,Barangay 711,1,0,1
National Capital Region (NCR),Malate,Barangay 734,1,0,1
National Capital Region (NCR),Malate,Barangay 706,1,0,1
National Capital Region (NCR),Malate,Barangay 716,1,0,1
National Capital Region (NCR),Malate,Barangay 718,1,0,1
National Capital Region (NCR),Paco,Barangay 830,15,0,14
National Capital Region (NCR),Paco,Barangay 671,1,0,1
National Capital Region (NCR),Paco,Barangay 823,1,0,1
National Capital Region (NCR),Paco,Barangay 821,1,0,1
National Capital Region (NCR),Paco,Barangay 686,1,0,1
National Capital Region (NCR),Paco,Barangay 672,1,0,1
National Capital Region (NCR),Paco,Barangay 829,2,0,1
National Capital Region (NCR),Paco,Barangay 814,1,0,1
National Capital Region (NCR),Paco,Barangay 818,1,0,1
National Capital Region (NCR),Pateros,Santa Ana,17,0,17
National Capital Region (NCR),Pateros,Martires Del 96,5,0,5
National Capital Region (NCR),Intramuros,Barangay 655,7,0,7
National Capital Region (NCR),Intramuros,Barangay 658,3,0,3
National Capital Region (NCR),Intramuros,Barangay 654,1,0,1
National Capital Region (NCR),Intramuros,Barangay 657,3,0,1
National Capital Region (NCR),Binondo,Barangay 287,5,0,5
National Capital Region (NCR),Binondo,Barangay 294,1,0,1
National Capital Region (NCR),Binondo,Barangay 292,1,0,1
National Capital Region (NCR),Ermita,Barangay 666,2,0,2
National Capital Region (NCR),Ermita,Barangay 670,1,0,1
National Capital Region (NCR),Ermita,Barangay 645,1,0,1
Grand Total,,,"27,277",25,"21,369"